oai:ecommons.cornell.edu:1813/39128,"Civil and Environmental Engineering  UPDATE Newsletter, 1979 Spring",,Civil and Environmental Engineering UPDATE is published once a year by the School of Civil and Environmental Engineering.,,Newsletter
oai:ecommons.cornell.edu:1813/39129,"Civil and Environmental Engineering  UPDATE Newsletter, 1980 Spring",,Civil and Environmental Engineering UPDATE is published once a year by the School of Civil and Environmental Engineering.,,Newsletter
oai:ecommons.cornell.edu:1813/39130,"Civil and Environmental Engineering  UPDATE Newsletter, 1981 Spring",,Civil and Environmental Engineering UPDATE is published once a year by the School of Civil and Environmental Engineering.,,Newsletter
oai:ecommons.cornell.edu:1813/39131,"Civil and Environmental Engineering  UPDATE Newsletter, 1983 Spring",,Civil and Environmental Engineering UPDATE is published once a year by the School of Civil and Environmental Engineering.,,Newsletter
oai:ecommons.cornell.edu:1813/39132,"Civil and Environmental Engineering  UPDATE Newsletter, 1984 Summer",,Civil and Environmental Engineering UPDATE is published once a year by the School of Civil and Environmental Engineering.,,Newsletter
oai:ecommons.cornell.edu:1813/39133,"Civil and Environmental Engineering  UPDATE Newsletter, 1990 Fall",,Civil and Environmental Engineering UPDATE is published once a year by the School of Civil and Environmental Engineering.,,Newsletter
oai:ecommons.cornell.edu:1813/39134,"Civil and Environmental Engineering  UPDATE Newsletter, 1997 Fall",,Civil and Environmental Engineering UPDATE is published once a year by the School of Civil and Environmental Engineering.,,Newsletter
oai:ecommons.cornell.edu:1813/39135,"Civil and Environmental Engineering  UPDATE Newsletter, 1998 Summer",,Civil and Environmental Engineering UPDATE is published once a year by the School of Civil and Environmental Engineering.,,Newsletter
oai:ecommons.cornell.edu:1813/39136,"Civil and Environmental Engineering  UPDATE Newsletter, 1999 Winter",,Civil and Environmental Engineering UPDATE is published once a year by the School of Civil and Environmental Engineering.,,Newsletter
oai:ecommons.cornell.edu:1813/39137,"Civil and Environmental Engineering  UPDATE Newsletter, 2000 Summer",,Civil and Environmental Engineering UPDATE is published once a year by the School of Civil and Environmental Engineering.,,Newsletter
oai:ecommons.cornell.edu:1813/39138,"Civil and Environmental Engineering  UPDATE Newsletter, 2001 Spring - Summer",,Civil and Environmental Engineering UPDATE is published once a year by the School of Civil and Environmental Engineering.,,Newsletter
oai:ecommons.cornell.edu:1813/39139,"Civil and Environmental Engineering  UPDATE Newsletter, 2002 Spring- Summer",,Civil and Environmental Engineering UPDATE is published once a year by the School of Civil and Environmental Engineering.,,Newsletter
oai:ecommons.cornell.edu:1813/39140,"Civil and Environmental Engineering  UPDATE Newsletter, 2003",,Civil and Environmental Engineering UPDATE is published once a year by the School of Civil and Environmental Engineering.,,Newsletter
oai:ecommons.cornell.edu:1813/39141,"Civil and Environmental Engineering  UPDATE Newsletter, 2004 Spring",,Civil and Environmental Engineering UPDATE is published once a year by the School of Civil and Environmental Engineering.,,Newsletter
oai:ecommons.cornell.edu:1813/39142,"Civil and Environmental Engineering  UPDATE Newsletter, 2005 Spring",,Civil and Environmental Engineering UPDATE is published once a year by the School of Civil and Environmental Engineering.,,Newsletter
oai:ecommons.cornell.edu:1813/39143,"Civil and Environmental Engineering  UPDATE Newsletter, 2006 Spring",,Civil and Environmental Engineering UPDATE is published once a year by the School of Civil and Environmental Engineering.,,Newsletter
oai:ecommons.cornell.edu:1813/39144,"Civil and Environmental Engineering  UPDATE Newsletter, 2007 Spring",,Civil and Environmental Engineering UPDATE is published once a year by the School of Civil and Environmental Engineering.,,Newsletter
oai:ecommons.cornell.edu:1813/39145,"Civil and Environmental Engineering  UPDATE Newsletter, 2008 Spring",,Civil and Environmental Engineering UPDATE is published once a year by the School of Civil and Environmental Engineering.,,Newsletter
oai:ecommons.cornell.edu:1813/39146,"Civil and Environmental Engineering  UPDATE Newsletter, 2009 Spring",,Civil and Environmental Engineering UPDATE is published once a year by the School of Civil and Environmental Engineering.,,Newsletter
oai:ecommons.cornell.edu:1813/39147,"Civil and Environmental Engineering  UPDATE Newsletter, 2010 Spring",,Civil and Environmental Engineering UPDATE is published once a year by the School of Civil and Environmental Engineering.,,Newsletter
oai:ecommons.cornell.edu:1813/39148,"Civil and Environmental Engineering  UPDATE Newsletter, 2011 Spring",,Civil and Environmental Engineering UPDATE is published once a year by the School of Civil and Environmental Engineering.,,Newsletter
oai:ecommons.cornell.edu:1813/39149,"Civil and Environmental Engineering  UPDATE Newsletter, 2012 Spring",,Civil and Environmental Engineering UPDATE is published once a year by the School of Civil and Environmental Engineering.,,Newsletter
oai:ecommons.cornell.edu:1813/39150,"Civil and Environmental Engineering  UPDATE Newsletter, 2013 Spring",,Civil and Environmental Engineering UPDATE is published once a year by the School of Civil and Environmental Engineering.,,Newsletter
oai:ecommons.cornell.edu:1813/39151,"Civil and Environmental Engineering  UPDATE Newsletter, 2014 Spring",,Civil and Environmental Engineering UPDATE is published once a year by the School of Civil and Environmental Engineering.,,Newsletter
oai:ecommons.cornell.edu:1813/39613,Finger lakes vineyard notes. Newsletter. 2013:no.7,,Agricultural extension work,,newsletter
oai:ecommons.cornell.edu:1813/39614,Finger lakes vineyard notes. Newsletter. 2012:no.2,,Agricultural extension work,,newsletter
oai:ecommons.cornell.edu:1813/39615,Finger lakes vineyard notes. Newsletter. 2001:no.8,,Agricultural extension work,,newsletter
oai:ecommons.cornell.edu:1813/39616,Finger lakes vineyard notes. Newsletter. 2001:no.7,,Agricultural extension work,,newsletter
oai:ecommons.cornell.edu:1813/39617,Finger lakes vineyard notes. Newsletter. 2001:no.6,,Agricultural extension work,,newsletter
oai:ecommons.cornell.edu:1813/39618,Finger lakes vineyard notes. Newsletter. 2001:no.5,,Agricultural extension work,,newsletter
oai:ecommons.cornell.edu:1813/39619,Finger lakes vineyard notes. Newsletter. 2001:no.4,,Agricultural extension work,,newsletter
oai:ecommons.cornell.edu:1813/39620,Finger lakes vineyard notes. Newsletter. 2001:no.3,,Agricultural extension work,,newsletter
oai:ecommons.cornell.edu:1813/39621,Finger lakes vineyard notes. Newsletter. 2001:no.2,,Agricultural extension work,,newsletter
oai:ecommons.cornell.edu:1813/39622,Finger lakes vineyard notes. Newsletter. 2001:no.1,,Agricultural extension work,,newsletter
oai:ecommons.cornell.edu:1813/39623,Finger lakes vineyard notes. Newsletter. 2000:no.11,,Agricultural extension work,,newsletter
oai:ecommons.cornell.edu:1813/39624,Finger lakes vineyard notes. Newsletter. 2000:no.10,,Agricultural extension work,,newsletter
oai:ecommons.cornell.edu:1813/39625,Finger lakes vineyard notes. Newsletter. 2012:no.1,,Agricultural extension work,,newsletter
oai:ecommons.cornell.edu:1813/39626,Finger lakes vineyard notes. Newsletter. 2000:no.9,,Agricultural extension work,,newsletter
oai:ecommons.cornell.edu:1813/39627,Finger lakes vineyard notes. Newsletter. 2000:no.8,,Agricultural extension work,,newsletter
oai:ecommons.cornell.edu:1813/39628,Finger lakes vineyard notes. Newsletter. 2000:no.7,,Agricultural extension work,,newsletter
oai:ecommons.cornell.edu:1813/39629,Finger lakes vineyard notes. Newsletter. 2000:no.6,,Agricultural extension work,,newsletter
oai:ecommons.cornell.edu:1813/39630,Finger lakes vineyard notes. Newsletter. 2000:no.5,,Agricultural extension work,,newsletter
oai:ecommons.cornell.edu:1813/39631,Finger lakes vineyard notes. Newsletter. 2000:no.4,,Agricultural extension work,,newsletter
oai:ecommons.cornell.edu:1813/39632,Finger lakes vineyard notes. Newsletter. 2000:no.3,,Agricultural extension work,,newsletter
oai:ecommons.cornell.edu:1813/39633,Finger lakes vineyard notes. Newsletter. 2000:no.2,,Agricultural extension work,,newsletter
oai:ecommons.cornell.edu:1813/39634,Finger lakes vineyard notes. Newsletter. 2000:no.1,,Agricultural extension work,,newsletter
oai:ecommons.cornell.edu:1813/39635,Finger lakes vineyard notes. Newsletter. 1999:no.12,,Agricultural extension work,,newsletter
oai:ecommons.cornell.edu:1813/39636,Finger lakes vineyard notes. Newsletter. 2011:no.7,,Agricultural extension work,,newsletter
oai:ecommons.cornell.edu:1813/39637,Finger lakes vineyard notes. Newsletter. 1999:no.10,,Agricultural extension work,,newsletter
oai:ecommons.cornell.edu:1813/39638,Finger lakes vineyard notes. Newsletter. 1999:no.9,,Agricultural extension work,,newsletter
oai:ecommons.cornell.edu:1813/39639,Finger lakes vineyard notes. Newsletter. 1999:no.8,,Agricultural extension work,,newsletter
oai:ecommons.cornell.edu:1813/39640,Finger lakes vineyard notes. Newsletter. 1999:no.7,,Agricultural extension work,,newsletter
oai:ecommons.cornell.edu:1813/39641,Finger lakes vineyard notes. Newsletter. 1999:no.6,,Agricultural extension work,,newsletter
oai:ecommons.cornell.edu:1813/39642,Finger lakes vineyard notes. Newsletter. 1999:no.5,,Agricultural extension work,,newsletter
oai:ecommons.cornell.edu:1813/39643,Finger lakes vineyard notes. Newsletter. 1999:no.16 &#091;corrected numbering: no.4&#093;,,Agricultural extension work,,newsletter
oai:ecommons.cornell.edu:1813/39644,Finger lakes vineyard notes. Newsletter. 1999:no.15 &#091;corrected numbering: no.3&#093;,,Agricultural extension work,,newsletter
oai:ecommons.cornell.edu:1813/39645,Finger lakes vineyard notes. Newsletter. 1999:no.14 &#091;corrected numbering: no.2&#093;,,Agricultural extension work,,newsletter
oai:ecommons.cornell.edu:1813/39646,Finger lakes vineyard notes. Newsletter. 1999:no.13 &#091;corrected numbering: no.1&#093;,,Agricultural extension work,,newsletter
oai:ecommons.cornell.edu:1813/39647,Finger lakes vineyard notes. Newsletter. 2011:no.6,,Agricultural extension work,,newsletter
oai:ecommons.cornell.edu:1813/39648,Finger lakes vineyard notes. Newsletter. 1998:no.12,,Agricultural extension work,,newsletter
oai:ecommons.cornell.edu:1813/39649,Finger lakes vineyard notes. Newsletter. 1998:no.11,,Agricultural extension work,,newsletter
oai:ecommons.cornell.edu:1813/39650,Finger lakes vineyard notes. Newsletter. 1998:no.10,,Agricultural extension work,,newsletter
oai:ecommons.cornell.edu:1813/39651,Finger lakes vineyard notes. Newsletter. 1998:no.9,,Agricultural extension work,,newsletter
oai:ecommons.cornell.edu:1813/39652,Finger lakes vineyard notes. Newsletter. 1998:no.8,,Agricultural extension work,,newsletter
oai:ecommons.cornell.edu:1813/39653,Finger lakes vineyard notes. Newsletter. 1998:no.7,,Agricultural extension work,,newsletter
oai:ecommons.cornell.edu:1813/39654,Finger lakes vineyard notes. Newsletter. 1998:no.6,,Agricultural extension work,,newsletter
oai:ecommons.cornell.edu:1813/39655,Finger lakes vineyard notes. Newsletter. 1998:no.5,,Agricultural extension work,,newsletter
oai:ecommons.cornell.edu:1813/39656,Finger lakes vineyard notes. Newsletter. 1998:no.4,,Agricultural extension work,,newsletter
oai:ecommons.cornell.edu:1813/39657,Finger lakes vineyard notes. Newsletter. 1998:no.3,,Agricultural extension work,,newsletter
oai:ecommons.cornell.edu:1813/39658,Finger lakes vineyard notes. Newsletter. 2011:no.5,,Agricultural extension work,,newsletter
oai:ecommons.cornell.edu:1813/39659,Finger lakes vineyard notes. Newsletter. 1998:no.2,,Agricultural extension work,,newsletter
oai:ecommons.cornell.edu:1813/39660,Finger lakes vineyard notes. Newsletter. 1998:no.1,,Agricultural extension work,,newsletter
oai:ecommons.cornell.edu:1813/39661,Finger lakes vineyard notes. Newsletter. 1997:no.12,,Agricultural extension work,,newsletter
oai:ecommons.cornell.edu:1813/39662,Finger lakes vineyard notes. Newsletter. 1997:no.11,,Agricultural extension work,,newsletter
oai:ecommons.cornell.edu:1813/39663,Finger lakes vineyard notes. Newsletter. 1997:no.10,,Agricultural extension work,,newsletter
oai:ecommons.cornell.edu:1813/39664,Finger lakes vineyard notes. Newsletter. 1997:no.9,,Agricultural extension work,,newsletter
oai:ecommons.cornell.edu:1813/39665,Finger lakes vineyard notes. Newsletter. 1997:no.8,,Agricultural extension work,,newsletter
oai:ecommons.cornell.edu:1813/39666,Finger lakes vineyard notes. Newsletter. 1997:no.7,,Agricultural extension work,,newsletter
oai:ecommons.cornell.edu:1813/39667,Finger lakes vineyard notes. Newsletter. 1997:no.6,,Agricultural extension work,,newsletter
oai:ecommons.cornell.edu:1813/39668,Finger lakes vineyard notes. Newsletter. 1997:no.5,,Agricultural extension work,,newsletter
oai:ecommons.cornell.edu:1813/39669,Finger lakes vineyard notes. Newsletter. 2011:no.4,,Agricultural extension work,,newsletter
oai:ecommons.cornell.edu:1813/39670,Finger lakes vineyard notes. Newsletter. 1997:no.4,,Agricultural extension work,,newsletter
oai:ecommons.cornell.edu:1813/39671,Finger lakes vineyard notes. Newsletter. 1997:no.3,,Agricultural extension work,,newsletter
oai:ecommons.cornell.edu:1813/39672,Finger lakes vineyard notes. Newsletter. 1997:no.2,,Agricultural extension work,,newsletter
oai:ecommons.cornell.edu:1813/39673,Finger lakes vineyard notes. Newsletter. 1997:no.1,,Agricultural extension work,,newsletter
oai:ecommons.cornell.edu:1813/39674,Finger lakes vineyard notes. Newsletter. 1996:no.12,,Agricultural extension work,,newsletter
oai:ecommons.cornell.edu:1813/39675,Finger lakes vineyard notes. Newsletter. 1996:no.11,,Agricultural extension work,,newsletter
oai:ecommons.cornell.edu:1813/39676,Finger lakes vineyard notes. Newsletter. 1996:no.10,,Agricultural extension work,,newsletter
oai:ecommons.cornell.edu:1813/39677,Finger lakes vineyard notes. Newsletter. 1996:no.9,,Agricultural extension work,,newsletter
oai:ecommons.cornell.edu:1813/39678,Finger lakes vineyard notes. Newsletter. 1996:no.7 &#091;corrected numbering: no.8&#093;,,Agricultural extension work,,newsletter
oai:ecommons.cornell.edu:1813/39679,Finger lakes vineyard notes. Newsletter. 1996:no.7,,Agricultural extension work,,newsletter
oai:ecommons.cornell.edu:1813/39680,Finger lakes vineyard notes. Newsletter. 2011:no.3,,Agricultural extension work,,newsletter
oai:ecommons.cornell.edu:1813/39681,Finger lakes vineyard notes. Newsletter. 1996:no.6,,Agricultural extension work,,newsletter
oai:ecommons.cornell.edu:1813/39682,Finger lakes vineyard notes. Newsletter. 1996:no.5,,Agricultural extension work,,newsletter
oai:ecommons.cornell.edu:1813/39683,Finger lakes vineyard notes. Newsletter. 1996:no.4,,Agricultural extension work,,newsletter
oai:ecommons.cornell.edu:1813/39684,Finger lakes vineyard notes. Newsletter. 1996:no.3,,Agricultural extension work,,newsletter
oai:ecommons.cornell.edu:1813/39685,Finger lakes vineyard notes. Newsletter. 1996:no.2,,Agricultural extension work,,newsletter
oai:ecommons.cornell.edu:1813/39686,Finger lakes vineyard notes. Newsletter. 1996:no.1,,Agricultural extension work,,newsletter
oai:ecommons.cornell.edu:1813/39687,Finger lakes vineyard notes. Newsletter. 1995:no.12,,Agricultural extension work,,newsletter
oai:ecommons.cornell.edu:1813/39688,Finger lakes vineyard notes. Newsletter. 1995:no.10,,Agricultural extension work,,newsletter
oai:ecommons.cornell.edu:1813/39689,Finger lakes vineyard notes. Newsletter. 1995:no.9,,Agricultural extension work,,newsletter
oai:ecommons.cornell.edu:1813/39690,Finger lakes vineyard notes. Newsletter. 1995:no.8,,Agricultural extension work,,newsletter
oai:ecommons.cornell.edu:1813/39691,Finger lakes vineyard notes. Newsletter. 2011:no.2,,Agricultural extension work,,newsletter
oai:ecommons.cornell.edu:1813/39692,Finger lakes vineyard notes. Newsletter. 1995:no.7,,Agricultural extension work,,newsletter
oai:ecommons.cornell.edu:1813/39693,Finger lakes vineyard notes. Newsletter. 1995:no.6,,Agricultural extension work,,newsletter
oai:ecommons.cornell.edu:1813/39694,Finger lakes vineyard notes. Newsletter. 1995:no.5,,Agricultural extension work,,newsletter
oai:ecommons.cornell.edu:1813/39695,Finger lakes vineyard notes. Newsletter. 1995:no.4,,Agricultural extension work,,newsletter
oai:ecommons.cornell.edu:1813/39696,Finger lakes vineyard notes. Newsletter. 1995:no.3,,Agricultural extension work,,newsletter
oai:ecommons.cornell.edu:1813/39697,Finger lakes vineyard notes. Newsletter. 1995:no.2,,Agricultural extension work,,newsletter
oai:ecommons.cornell.edu:1813/39698,Finger lakes vineyard notes. Newsletter. 1995:no.1,,Agricultural extension work,,newsletter
oai:ecommons.cornell.edu:1813/39699,Finger lakes vineyard notes. Newsletter. 2011:no.1,,Agricultural extension work,,newsletter
oai:ecommons.cornell.edu:1813/39700,Finger lakes vineyard notes. Newsletter. 2010:no.5,,Agricultural extension work,,newsletter
oai:ecommons.cornell.edu:1813/39701,Finger lakes vineyard notes. Newsletter. 2013:no.5,,Agricultural extension work,,newsletter
oai:ecommons.cornell.edu:1813/39702,Finger lakes vineyard notes. Newsletter. 2010:no.4,,Agricultural extension work,,newsletter
oai:ecommons.cornell.edu:1813/39703,Finger lakes vineyard notes. Newsletter. 2010:no.3,,Agricultural extension work,,newsletter
oai:ecommons.cornell.edu:1813/39704,Finger lakes vineyard notes. Newsletter. 2010:no.2,,Agricultural extension work,,newsletter
oai:ecommons.cornell.edu:1813/39705,Finger lakes vineyard notes. Newsletter. 2010:no.1,,Agricultural extension work,,newsletter
oai:ecommons.cornell.edu:1813/39706,Finger lakes vineyard notes. Newsletter. 2009:no.7,,Agricultural extension work,,newsletter
oai:ecommons.cornell.edu:1813/39707,Finger lakes vineyard notes. Newsletter. 2009:no.5,,Agricultural extension work,,newsletter
oai:ecommons.cornell.edu:1813/39708,Finger lakes vineyard notes. Newsletter. 2009:no.4,,Agricultural extension work,,newsletter
oai:ecommons.cornell.edu:1813/39709,Finger lakes vineyard notes. Newsletter. 2009:no.3,,Agricultural extension work,,newsletter
oai:ecommons.cornell.edu:1813/39710,Finger lakes vineyard notes. Newsletter. 2009:no.2,,Agricultural extension work,,newsletter
oai:ecommons.cornell.edu:1813/39711,Finger lakes vineyard notes. Newsletter. 2009:no.1,,Agricultural extension work,,newsletter
oai:ecommons.cornell.edu:1813/39712,Finger lakes vineyard notes. Newsletter. 2013:no.4,,Agricultural extension work,,newsletter
oai:ecommons.cornell.edu:1813/39713,Finger lakes vineyard notes. Newsletter. 2008:no.8,,Agricultural extension work,,newsletter
oai:ecommons.cornell.edu:1813/39714,Finger lakes vineyard notes. Newsletter. 2008:no.7,,Agricultural extension work,,newsletter
oai:ecommons.cornell.edu:1813/39715,Finger lakes vineyard notes. Newsletter. 2008:no.6,,Agricultural extension work,,newsletter
oai:ecommons.cornell.edu:1813/39716,Finger lakes vineyard notes. Newsletter. 2008:no.5,,Agricultural extension work,,newsletter
oai:ecommons.cornell.edu:1813/39717,Finger lakes vineyard notes. Newsletter. 2008:no.4,,Agricultural extension work,,newsletter
oai:ecommons.cornell.edu:1813/39718,Finger lakes vineyard notes. Newsletter. 2008:no.3,,Agricultural extension work,,newsletter
oai:ecommons.cornell.edu:1813/39719,Finger lakes vineyard notes. Newsletter. 2008:no.2,,Agricultural extension work,,newsletter
oai:ecommons.cornell.edu:1813/39720,Finger lakes vineyard notes. Newsletter. 2008:no.1,,Agricultural extension work,,newsletter
oai:ecommons.cornell.edu:1813/39721,Finger lakes vineyard notes. Newsletter. 2007:no.7,,Agricultural extension work,,newsletter
oai:ecommons.cornell.edu:1813/39722,Finger lakes vineyard notes. Newsletter. 2007:no.6,,Agricultural extension work,,newsletter
oai:ecommons.cornell.edu:1813/39723,Finger lakes vineyard notes. Newsletter. 2013:no.3,,Agricultural extension work,,newsletter
oai:ecommons.cornell.edu:1813/39724,Finger lakes vineyard notes. Newsletter. 2007:no.5,,Agricultural extension work,,newsletter
oai:ecommons.cornell.edu:1813/39725,Finger lakes vineyard notes. Newsletter. 2007:no.4,,Agricultural extension work,,newsletter
oai:ecommons.cornell.edu:1813/39726,Finger lakes vineyard notes. Newsletter. 2007:no.3,,Agricultural extension work,,newsletter
oai:ecommons.cornell.edu:1813/39727,Finger lakes vineyard notes. Newsletter. 2007:no.2,,Agricultural extension work,,newsletter
oai:ecommons.cornell.edu:1813/39728,Finger lakes vineyard notes. Newsletter. 2007:no.1,,Agricultural extension work,,newsletter
oai:ecommons.cornell.edu:1813/39729,Finger lakes vineyard notes. Newsletter. 2006:no.13,,Agricultural extension work,,newsletter
oai:ecommons.cornell.edu:1813/39730,Finger lakes vineyard notes. Newsletter. 2006:no.12,,Agricultural extension work,,newsletter
oai:ecommons.cornell.edu:1813/39731,Finger lakes vineyard notes. Newsletter. 2006:no.11,,Agricultural extension work,,newsletter
oai:ecommons.cornell.edu:1813/39732,Finger lakes vineyard notes. Newsletter. 2006:no.10,,Agricultural extension work,,newsletter
oai:ecommons.cornell.edu:1813/39733,Finger lakes vineyard notes. Newsletter. 2006:no.9,,Agricultural extension work,,newsletter
oai:ecommons.cornell.edu:1813/39734,Finger lakes vineyard notes. Newsletter. 2013:no.2,,Agricultural extension work,,newsletter
oai:ecommons.cornell.edu:1813/39735,Finger lakes vineyard notes. Newsletter. 2006:no.8,,Agricultural extension work,,newsletter
oai:ecommons.cornell.edu:1813/39736,Finger lakes vineyard notes. Newsletter. 2006:no.7,,Agricultural extension work,,newsletter
oai:ecommons.cornell.edu:1813/39737,Finger lakes vineyard notes. Newsletter. 2006:no.6,,Agricultural extension work,,newsletter
oai:ecommons.cornell.edu:1813/39738,Finger lakes vineyard notes. Newsletter. 2006:no.5,,Agricultural extension work,,newsletter
oai:ecommons.cornell.edu:1813/39739,Finger lakes vineyard notes. Newsletter. 2006:no.4,,Agricultural extension work,,newsletter
oai:ecommons.cornell.edu:1813/39740,Finger lakes vineyard notes. Newsletter. 2006:no.3,,Agricultural extension work,,newsletter
oai:ecommons.cornell.edu:1813/39741,Finger lakes vineyard notes. Newsletter. 2006:no.2,,Agricultural extension work,,newsletter
oai:ecommons.cornell.edu:1813/39742,Finger lakes vineyard notes. Newsletter. 2006:no.1,,Agricultural extension work,,newsletter
oai:ecommons.cornell.edu:1813/39743,Finger lakes vineyard notes. Newsletter. 2005:no.11,,Agricultural extension work,,newsletter
oai:ecommons.cornell.edu:1813/39744,Finger lakes vineyard notes. Newsletter. 2005:no.10,,Agricultural extension work,,newsletter
oai:ecommons.cornell.edu:1813/39745,Finger lakes vineyard notes. Newsletter. 2013:no.1,,Agricultural extension work,,newsletter
oai:ecommons.cornell.edu:1813/39746,Finger lakes vineyard notes. Newsletter. 2005:no.9,,Agricultural extension work,,newsletter
oai:ecommons.cornell.edu:1813/39747,Finger lakes vineyard notes. Newsletter. 2005:no.7,,Agricultural extension work,,newsletter
oai:ecommons.cornell.edu:1813/39748,Finger lakes vineyard notes. Newsletter. 2005:no.6,,Agricultural extension work,,newsletter
oai:ecommons.cornell.edu:1813/39749,Finger lakes vineyard notes. Newsletter. 2005:no.5,,Agricultural extension work,,newsletter
oai:ecommons.cornell.edu:1813/39750,Finger lakes vineyard notes. Newsletter. 2005:no.4,,Agricultural extension work,,newsletter
oai:ecommons.cornell.edu:1813/39751,Finger lakes vineyard notes. Newsletter. 2005:no.3,,Agricultural extension work,,newsletter
oai:ecommons.cornell.edu:1813/39752,Finger lakes vineyard notes. Newsletter. 2005:no.2,,Agricultural extension work,,newsletter
oai:ecommons.cornell.edu:1813/39753,Finger lakes vineyard notes. Newsletter. 2005:no.1,,Agricultural extension work,,newsletter
oai:ecommons.cornell.edu:1813/39754,Finger lakes vineyard notes. Newsletter. 2004:no.11,,Agricultural extension work,,newsletter
oai:ecommons.cornell.edu:1813/39755,Finger lakes vineyard notes. Newsletter. 2004:no.10,,Agricultural extension work,,newsletter
oai:ecommons.cornell.edu:1813/39756,Finger lakes vineyard notes. Newsletter. 2012:no.5,,Agricultural extension work,,newsletter
oai:ecommons.cornell.edu:1813/39757,Finger lakes vineyard notes. Newsletter. 2004:no.9,,Agricultural extension work,,newsletter
oai:ecommons.cornell.edu:1813/39758,Finger lakes vineyard notes. Newsletter. 2004:no.8,,Agricultural extension work,,newsletter
oai:ecommons.cornell.edu:1813/39759,Finger lakes vineyard notes. Newsletter. 2004:no.7,,Agricultural extension work,,newsletter
oai:ecommons.cornell.edu:1813/39760,Finger lakes vineyard notes. Newsletter. 2004:no.6,,Agricultural extension work,,newsletter
oai:ecommons.cornell.edu:1813/39761,Finger lakes vineyard notes. Newsletter. 2004:no.5,,Agricultural extension work,,newsletter
oai:ecommons.cornell.edu:1813/39762,Finger lakes vineyard notes. Newsletter. 2004:no.4,,Agricultural extension work,,newsletter
oai:ecommons.cornell.edu:1813/39763,Finger lakes vineyard notes. Newsletter. 2004:no.3,,Agricultural extension work,,newsletter
oai:ecommons.cornell.edu:1813/39764,Finger lakes vineyard notes. Newsletter. 2004:no.2,,Agricultural extension work,,newsletter
oai:ecommons.cornell.edu:1813/39765,Finger lakes vineyard notes. Newsletter. 2003:no.11,,Agricultural extension work,,newsletter
oai:ecommons.cornell.edu:1813/39766,Finger lakes vineyard notes. Newsletter. 2003:no.10,,Agricultural extension work,,newsletter
oai:ecommons.cornell.edu:1813/39767,Finger lakes vineyard notes. Newsletter. 2012:no.4,,Agricultural extension work,,newsletter
oai:ecommons.cornell.edu:1813/39768,Finger lakes vineyard notes. Newsletter. 2003:no.9,,Agricultural extension work,,newsletter
oai:ecommons.cornell.edu:1813/39769,Finger lakes vineyard notes. Newsletter. 2003:no.8,,Agricultural extension work,,newsletter
oai:ecommons.cornell.edu:1813/39770,Finger lakes vineyard notes. Newsletter. 2003:no.7,,Agricultural extension work,,newsletter
oai:ecommons.cornell.edu:1813/39771,Finger lakes vineyard notes. Newsletter. 2003:no.5,,Agricultural extension work,,newsletter
oai:ecommons.cornell.edu:1813/39772,Finger lakes vineyard notes. Newsletter. 2003:no.4,,Agricultural extension work,,newsletter
oai:ecommons.cornell.edu:1813/39773,Finger lakes vineyard notes. Newsletter. 2003:no.3,,Agricultural extension work,,newsletter
oai:ecommons.cornell.edu:1813/39774,Finger lakes vineyard notes. Newsletter. 2003:no.2,,Agricultural extension work,,newsletter
oai:ecommons.cornell.edu:1813/39775,Finger lakes vineyard notes. Newsletter. 2003:no.1,,Agricultural extension work,,newsletter
oai:ecommons.cornell.edu:1813/39776,Finger lakes vineyard notes. Newsletter. 2002:no.11,,Agricultural extension work,,newsletter
oai:ecommons.cornell.edu:1813/39777,Finger lakes vineyard notes. Newsletter. 2002:no.9,,Agricultural extension work,,newsletter
oai:ecommons.cornell.edu:1813/39778,Finger lakes vineyard notes. Newsletter. 2012:no.3,,Agricultural extension work,,newsletter
oai:ecommons.cornell.edu:1813/39779,Finger lakes vineyard notes. Newsletter. 2002:no.8,,Agricultural extension work,,newsletter
oai:ecommons.cornell.edu:1813/39780,Finger lakes vineyard notes. Newsletter. 2002:no.7,,Agricultural extension work,,newsletter
oai:ecommons.cornell.edu:1813/39781,Finger lakes vineyard notes. Newsletter. 2002:no.6,,Agricultural extension work,,newsletter
oai:ecommons.cornell.edu:1813/39782,Finger lakes vineyard notes. Newsletter. 2002:no.5,,Agricultural extension work,,newsletter
oai:ecommons.cornell.edu:1813/39783,Finger lakes vineyard notes. Newsletter. 2002:no.4,,Agricultural extension work,,newsletter
oai:ecommons.cornell.edu:1813/39784,Finger lakes vineyard notes. Newsletter. 2002:no.3,,Agricultural extension work,,newsletter
oai:ecommons.cornell.edu:1813/39785,Finger lakes vineyard notes. Newsletter. 2002:no.2,,Agricultural extension work,,newsletter
oai:ecommons.cornell.edu:1813/39786,Finger lakes vineyard notes. Newsletter. 2002:no.1,,Agricultural extension work,,newsletter
oai:ecommons.cornell.edu:1813/39787,Finger lakes vineyard notes. Newsletter. 2001:no.11,,Agricultural extension work,,newsletter
oai:ecommons.cornell.edu:1813/39788,Finger lakes vineyard notes. Newsletter. 2001:no.9,,Agricultural extension work,,newsletter
oai:ecommons.cornell.edu:1813/40192,NCRN Newsletter: Volume 1 - Issue 4,Overview of activities at NSF-Census Research Network nodes from July 2014 to October 2014.,"NCRN Newsletter Vol. 1, Issue 4: October 15, 2014",,Newsletter
oai:ecommons.cornell.edu:1813/40193,NCRN Newsletter: Volume 2 - Issue 1,Overview of activities at NSF-Census Research Network nodes from October 2014 to January 2015.,"NCRN Newsletter Vol. 2, Issue 1: January 30, 2015.",,Newsletter
oai:ecommons.cornell.edu:1813/40194,NCRN Newsletter: Volume 2 - Issue 2,Overview of activities at NSF-Census Research Network nodes from January 2015 to May 2015.,"NCRN Newsletter Vol. 2, Issue 2: May 12, 2015.",,Newsletter
oai:ecommons.cornell.edu:1813/40232,NCRN Newsletter: Volume 1 - Issue 1,Overview of activities at NSF-Census Research Network nodes from July 2013 to November 2013.,"NCRN Newsletter Vol. 1, Issue 1: November 17, 2013",,Newsletter
oai:ecommons.cornell.edu:1813/40233,NCRN Newsletter: Volume 1 - Issue 2,Overview of activities at NSF-Census Research Network nodes from November 2013 to March 2014.,"NCRN Newsletter Vol. 1, Issue 2: March 20, 2014",,Newsletter
oai:ecommons.cornell.edu:1813/40234,NCRN Newsletter: Volume 1 - Issue 3,Overview of activities at NSF-Census Research Network nodes from March 2014 to July 2014.,"NCRN Newsletter Vol. 1, Issue 3: July 23, 2014",,Newsletter
oai:ecommons.cornell.edu:1813/41374,"Civil and Environmental Engineering UPDATE Newsletter, 2015 Spring",,Civil and Environmental Engineering UPDATE is published once a year by the School of Civil and Environmental Engineering.,,Newsletter
oai:ecommons.cornell.edu:1813/41378,Finger lakes vineyard notes. Newsletter. 2014:no.1,,Agriculture extension work,,Newsletter
oai:ecommons.cornell.edu:1813/41379,Finger lakes vineyard notes. Newsletter. 2014:no.2,,Agricultural extension work,,Newsletter
oai:ecommons.cornell.edu:1813/41380,Finger lakes vineyard notes. Newsletter. 2014:no.3,,Agricultural extension work,,Newsletter
oai:ecommons.cornell.edu:1813/41381,Finger lakes vineyard notes. Newsletter. 2014:no.4,,Agricultural extension work,,Newsletter
oai:ecommons.cornell.edu:1813/41475,"Ways & Means, 1978",,,,Newsletter
oai:ecommons.cornell.edu:1813/41476,"Ways & Means, 1979",,,,Newsletter
oai:ecommons.cornell.edu:1813/41477,"Ways & Means, 1980",,,,Newsletter
oai:ecommons.cornell.edu:1813/41483,Scaffolds Fruit Journal,"GENERAL INFO FIRST LEAF - Introduction to Scaffolds;
RECOMMENDS - Addendum, changes, corrections;
INSECTS PEAR PSYLLA - General control suggestions;
EBDC'S AND MITES - Effects on predator mites;
DISEASES EBDC'S - Current status;
PHENOLOGIES - Geneva;
PHEROMONE TRAP CATCHES - Geneva;
UPCOMING PEST EVENTS",,,Newsletter
oai:ecommons.cornell.edu:1813/41522,"Scaffolds Fruit Journal, v.1, 03-30-1992","GENERAL INFO pH AND PESTICIDE ACTIVITY. 
INSECTS EUROPEAN RED MITE AND SAN JOSE SCALE Control in apples using oil. 
PEAR PSYLLA Agri-Mek update. 
PHENOLOGIES Geneva. 
PHEROMONE TRAP CATCHES Geneva. 
UPCOMING PEST EVENTS.",,,Newsletter
oai:ecommons.cornell.edu:1813/41523,"Scaffolds Fruit Journal, v.1, 04-06-1992","INSECTS PEAR MIDGE. 
MITE PREDATORS. 
DISEASES BROWN ROT Control Strategies. 
PHENOLOGIES Geneva. 
PHEROMONE TRAP CATCHES Geneva. 
UPCOMING PEST EVENTS. 
PEST FOCUS Pear psylla adults active.",,,Newsletter
oai:ecommons.cornell.edu:1813/41524,"Scaffolds Fruit Journal, v.1, 04-13-1992","INSECTS PEAR THRIPS. 
DISEASES APPLE SCAB Understanding and Interpreting Ascospore Maturity Data. 
FIELD NOTES Hudson Valley Lab field reports on tree phenology, scab.  ascospore maturity, tower shoot, scab control suggestions and pheromone trap catches. 
PHENOLOGIES Geneva. 
PHEROMONE TRAP CATCHES Geneva. 
UPCOMING PEST EVENTS.",,,Newsletter
oai:ecommons.cornell.edu:1813/41525,"Scaffolds Fruit Journal, v.1, 04-20-1992","GENERAL INFO BRANCHING OUT Increase in mailing list. 
INSECTS ROSY APPLE APHID. 
DISEASES APPLE SCAB NEWS EBDC's, Copper, Dodine, SI Fungicides, Ascospore maturity determination. 
FIELD NOTES Hudson Valley Lab field reports on tree phenology, scab ascospore maturity, tower shoot, scab control suggestions and pheromone trap catches. 
PHENOLOGIES Geneva. 
PHEROMONE TRAP CATCHES Geneva. 
UPCOMING PEST EVENTS.",,,Newsletter
oai:ecommons.cornell.edu:1813/41526,"Scaffolds Fruit Journal, v.1, 04-27-1992","INSECTS PINK BUD- Pink control strategy for STLM, Caterpillars, Mites, plum curculio. 
DISEASES APPLE SCAB Ascospore maturity, control suggestions. 
FIRE BLIGHT Biology, MARYBL YT, weather and strep sprays, summer control. 
BLACK KNOT. 
NOV A Nova registered on cherries and peaches. 
FIELD NOTES Hudson Valley Lab field reports on tree phenology, scab ascospore maturity, tower shoot, scab control suggestions and pheromone trap catches. 
USING DEGREE DAY ACCUMULATIONS. 
PHENOLOGIES Geneva. 
PHEROMONE TRAP CATCHES Geneva. 
UPCOMING PEST EVENTS.",,,Newsletter
oai:ecommons.cornell.edu:1813/41527,"Scaffolds Fruit Journal, v.1, 05-04-1992","PESTICIDES AGRI-MEK Agri-Mek is labelled. 
MORESTAN Use update. 
THIODAN Use update. 
INSECTS PEARS Pear leaf midge. 
CORRECTION Re: Lannate at pink for STLM control. 
FIELD NOTES Hudson Valley Lab field reports on tree phenology, scab ascospore maturity, tower shoot, pheromone trap catches. 
PHENOLOGIES Geneva. 
PHEROMONE TRAP CATCHES Geneva. 
UPCOMING PEST EVENTS. 
PEST FOCUS -OW OBLR larva, RAA, AA, AGA, apple rust mites, pear thrips.",,,Newsletter
oai:ecommons.cornell.edu:1813/41528,"Scaffolds Fruit Journal, v.1, 05-11-1992","INSECTS BEES Increasing bee pollination efficiency. 
SCOUTING Pink and bloom for STLM and OBLR. 
WEEDS Late spring control. 
DISEASES CHERRIES Cherry leaf spot. 
APPLES Apple scab. 
FIELD NOTES- Hudson Valley Lab field reports on tree phenology, pheromone trap catches, article on proper spray application/ rates. 
PHENOLOGIES Geneva. 
PHEROMONE TRAP CATCHES Geneva. 
UPCOMING PEST EVENTS.",,,Newsletter
oai:ecommons.cornell.edu:1813/41529,"Scaffolds Fruit Journal, v.1, 05-18-1992","INSECTS APPLES Plum curculio, green fruitworm, European apple sawfly, apple redbug. 
PEARS Comstock mealybugpear rust mite. 
FIELD NOTES Hudson Valley Lab field reports on tree phenology, pheromone trap catches, article on proper spray application/ rates. 
PHENOLOGIES Geneva. 
PHEROMONE TRAP CATCHES Geneva, Hudson Valley. 
UPCOMING PEST EVENTS. 
PEST FOCUS 1st predator mite, 1st ERM nymph, 1st WALH nymph, Strwby dipper adult and clipped buds.",,,Newsletter
oai:ecommons.cornell.edu:1813/41530,"Scaffolds Fruit Journal, v.1, 05-25-1992","INSECTS APPLES Petal fall, mites, W ALH, SJS. 
STONE FRUITS GP A, LPTB. 
FIELD NOTES Hudson Valley Lab field reports on tree phenology, scab ascospore maturity, tower shoot. 
DISEASES apple scab control, flyspeck ascospore maturity, biology, mgmt.
PHENOLOGIES Geneva. 
PHEROMONE TRAP CATCHES Geneva. 
UPCOMING PEST EVENTS.",,,Newsletter
oai:ecommons.cornell.edu:1813/41531,"Scaffolds Fruit Journal, v.1, 06-01-1992","INSECTS MISC. Insect bites OBLR, Plum curculio, Mites, Pear psylla, Cherry fruit flies, Leaf weevils. 
OIL RESEARCH Highly refined petroleum oil to control summer populations of ERM on apple. 
PHENOLOGIES Geneva. 
PHEROMONE TRAP CATCHES Geneva, Hudson Valley. 
UPCOMING PEST EVENTS.",,,Newsletter
oai:ecommons.cornell.edu:1813/41532,"Scaffolds Fruit Journal, v.1, 06-08-1992","INSECTS APPLES Summer apple insects.  OBLR, AM, PC. 
PHEROMONE TRAP CATCHES Geneva. 
UPCOMING PEST EVENTS.",,,Newsletter
oai:ecommons.cornell.edu:1813/41533,"Scaffolds Fruit Journal, v.1, 06-15-1992","INSECTS OBLR comprehensive article including first catch of 92. 
STLM sampling timing. 
DISEASES Fire blight, Frog-eye leaf spot, Quince rust, Cedar apple rust. 
FIELD NOTES Hudson Valley Lab field reports on scab ascospore maturity, tower shoot, scab infection periods. 
PHEROMONE TRAP CATCHES Geneva, Hudson Valley. 
UPCOMING PEST EVENTS.",,,Newsletter
oai:ecommons.cornell.edu:1813/41534,"Scaffolds Fruit Journal, v.1, 06-22-1992","INSECTS BENEFICIAL INSECTS. 
EUROPEAN CORN BORER. 
CORRECTION GUTHION 3F. 
PHEROMONE TRAP CATCHES Geneva. 
UPCOMING PEST EVENTS. 
PEST FOCUS OBLR DD I sampling update, STLM 2nd brood begins.",,,Newsletter
oai:ecommons.cornell.edu:1813/41535,"Scaffolds Fruit Journal, v.1, 06-29-1992","INSECTS NEW PESTS Apple leaf miner. 
SAN JOSE SCALE. 
PHEROMONE TRAP CATCHES Geneva. 
UPCOMING PEST EVENTS. 
PEST FOCUS OBLR DD I sampling update, STLM 2nd brood DD I sampling update.",,,Newsletter
oai:ecommons.cornell.edu:1813/41536,"Scaffolds Fruit Journal, v.1, 07-06-1992","INSECTS APPLE MAGGOT 1st catch, perdiction of activity. 
CMB- update, comprehensive article. 
NEW PESTS Mullein plant bug. 
CHEM NEWS Kelthane SOW. 
PHEROMONE TRAP CATCHES Geneva, Hudson Valley. 
UPCOMING PEST EVENTS. 
PEST FOCUS OBLR DD/sampling update, STLM 2nd brood DD/sampling update.",,,Newsletter
oai:ecommons.cornell.edu:1813/41537,"Scaffolds Fruit Journal, v.1, 07-13-1992","INSECTS INSECT BITES Aphids, Leafhoppers, Comstock mealybug, Japanese beetle, Blueberry maggot. 
DISEASES RUSTS Rust diseases and a Brown Leaf Spot caused by rust. 
BITTER ROT. 
MORE DISEASES Sooty blotch/Fly speck. 
PHEROMONE TRAP CATCHES Geneva, Hudson Valley. 
UPCOMING PEST EVENTS. 
PEST FOCUS OBLR DD/sampling update, STLM 2nd brood DD/sampling update.",,,Newsletter
oai:ecommons.cornell.edu:1813/41538,"Scaffolds Fruit Journal, v.1, 07-20-1992","INSECTS MITES European red mite. 
THE OLD BORER Roundheaded appletree borer (comprehensive article). 
PEST FOCUS OBLR DD/sampling update, STLM 2nd brood DD/sampling update. 
PHEROMONE TRAP CATCHES Geneva, Hudson Valley. 
UPCOMING PEST EVENTS.",,,Newsletter
oai:ecommons.cornell.edu:1813/41539,"Scaffolds Fruit Journal, v.1, 07-27-1992","INSECTS NATURAL CONTROLS Botanical insecticides. 
MORE BORERS Dogwood borer. 
CHEM NEWS Furadan 4F. 
PEST FOCUS -OBLR DD/sampling update, STLM 2nd brood DD/sampling update. 
PHEROMONE TRAP CATCHES Geneva, Hudson Valley. 
UPCOMING PEST EVENTS.",,,Newsletter
oai:ecommons.cornell.edu:1813/41540,"Scaffolds Fruit Journal, v.1, 08-03-1992","INSECTS INSECT BITES San Jose scale, European red mite, Comstock mealybug. 
PHEROMONE TRAP CATCHES Geneva, Hudson Valley.
UPCOMING PEST EVENTS.",,,Newsletter
oai:ecommons.cornell.edu:1813/41541,"Scaffolds Fruit Journal, v.1, 08-10-1992","POSTHARVEST DISEASE CONTROL MATERIALS Postharvest fungicides for apples. 
INSECTS YOU'RE NOT GETTING BORED, ARE YOU? Peachtree borers. 
UPDATE Comstock mealybug. 
PHEROMONE TRAP CATCHES Geneva, Hudson Valley. 
UPCOMING PEST EVENTS.",,,Newsletter
oai:ecommons.cornell.edu:1813/41542,"Scaffolds Fruit Journal, v.1, 08-17-1992","FIELD DAY. 
POSTHARVEST APPLICATION EQUIPMENT Improving the performance of postharvest drenching equipment. 
INSECTS LEAFHOPPERS Leafhopper review. 
PHEROMONE TRAP CATCHES Geneva, Hudson Valley. 
UPCOMING PEST EVENTS.",,,Newsletter
oai:ecommons.cornell.edu:1813/41543,"Scaffolds Fruit Journal, v.1, 08-24-1992","CORRECTIONS FIELD DAY Corrections in schedule for NY Pest Control Field Day. 
DRENCH TANK REDUX Corrections in Fungicide Application Equipment article in 8/17 Issue. 
INSECTS CRAWLERS-Comstock mealybug arrives.  First crawlers, control suggestions. 
DISEASES LATE SEASON Late season apple disease control.  Scab, Sooty blotch/Fly speck, disease status and control suggestions. 
PHEROMONE TRAP CATCHES Geneva, Hudson Valley. 
UPCOMING PEST EVENTS.",,,Newsletter
oai:ecommons.cornell.edu:1813/41544,"Scaffolds Fruit Journal, v.1, 08-31-1992","PESTICIDES CHEM NEWS Update re: Bayleton, Guthion, Mitac. 
PHEROMONE TRAP CATCHES Geneva, Hudson Valley. 
UPCOMING PEST EVENTS.",,,Newsletter
oai:ecommons.cornell.edu:1813/41545,"Scaffolds Fruit Journal, v.1, 09-08-1992","PHEROMONE TRAP CATCHES Geneva, Highland. 
UPCOMING PEST EVENTS.",,,Newsletter
oai:ecommons.cornell.edu:1813/41546,"Scaffolds Fruit Journal, v.1, 09-14-1992","INSECTS PEST EVENTS 1992 Pest Events summary including introductory explanation and summarized 1992 Pest Events data. 
DISEASES LEAF BLOTCH Necrotic Leaf Blotch of Golden Delicious. 
FIRE BLIGHT Late season spread of fire blight in Gala. 
PHEROMONE TRAP CATCHES Geneva, Hudson Valley. 
UPCOMING PEST EVENTS.",,,Newsletter
oai:ecommons.cornell.edu:1813/41547,"Scaffolds Fruit Journal, v.1, 09-21-1992","FINAL REPORT. 
PHEROMONE TRAP CATCHES. 
UPCOMING PEST EVENTS.",,,Newsletter
oai:ecommons.cornell.edu:1813/41548,"Scaffolds Fruit Journal, v.1, 1992",Index of topics covered in 1992.,,,Newsletter
oai:ecommons.cornell.edu:1813/41549,"Scaffolds Fruit Journal, v.2, 03-22-1993","GENERAL New year of Scaffolds Intro, List of fruit information sources, Additions/Corrections to Pest Events in the last issue of 1992, Corrections in 1993 Tree/Small Fruits Recommends. 
COMING EVENTS.",,,Newsletter
oai:ecommons.cornell.edu:1813/41550,"Scaffolds Fruit Journal, v.2, 03-29-1993","INSECTS Early season control of Pear psylla, European red mite, San Jose scale. 
PHENOLOGIES Geneva. 
INSECT TRAP CATCHES Geneva. 
UPCOMING PEST EVENTS.",,,Newsletter
oai:ecommons.cornell.edu:1813/41551,"Scaffolds Fruit Journal, v.2, 04-05-1993","CHEM NEWS Delaney clause update, pH and pesticide activity, Update on Section 18 for Agri-Mek. 
PHENOLOGIES Geneva. 
INSECT TRAP CATCHES Geneva, Highland. 
UPCOMING PEST EVENTS.",,,Newsletter
oai:ecommons.cornell.edu:1813/41552,"Scaffolds Fruit Journal, v.2, 04-12-1993","DISEASES Apple scab understanding and interpreting ascospore maturity data. 
GENERAL 1992 SCAFFOLDS Index. 
FIELD NOTES Disease update including scab, fire blight and black knot. 
BULLETIN PEST EVENTS.  publication available. 
PHENOLOOIES Geneva, Highland. 
INSECT TRAP CATCHES Geneva, Highland. 
UPCOMING PEST EVENTS.
PEST FOCUS Geneva Pear psylla (PPS) adults active, laying eggs.",,,Newsletter
oai:ecommons.cornell.edu:1813/41553,"Scaffolds Fruit Journal, v.2, 04-19-1993","INSECTS Predator mites, rosy aphid control. 
CORRECTION Update on availability of buffering agents for spray tank. 
DISEASES Black knot. 
FIELD NOTES Highland and Geneva field reports on scab ascospore maturity, tower shoot, scab control. 
PHENOLOGIES Geneva, Highland. 
INSECT TRAP CATCHES Geneva, Highland. 
PEST FOCUS Geneva PPS adults active, laying eggs. 
UPCOMING PEST EVENTS.",,,Newsletter
oai:ecommons.cornell.edu:1813/41554,"Scaffolds Fruit Journal, v.2, 04-26-1993","INSECTS Pink control strategy for spotted tentiform leafminer, caterpillars, mites, plum curculio. 
SPRAY MIXTURES Compatibility Table update. 
FIELD NOTES-Highland and Geneva field reports on apple scab maturity. 
DISEASES Rust diseases, Phytophthora crown rot (collar rot) alert. 
PHENOLOGIES Geneva, Highland. 
PEST FOCUS Geneva PPS adults active, laying eggs, Tarnished plant bug (TPB) adults in panel traps, green apple aphids(GAA) present in Wayne County. 
INSECT TRAP CATCHES Geneva, Highland. 
UPCOMING PEST EVENTS.",,,Newsletter
oai:ecommons.cornell.edu:1813/41555,"Scaffolds Fruit Journal, v.2, 05-03-1993","INSECTS Tarnished plant bug, pear leaf midge. 
DISEASES Use of streptomycin during bloom to control fire blight, brown rot control strategies. 
FIELD NOTES Geneva, Hudson Valley apple scab ascospore maturity data. 
PHENOLOGIES Geneva, Highland. 
INSECT TRAP CATCHES Geneva, Highland. 
PEST FOCUS Geneva - PPS eggs hatching, obliquebanded leafroller (OBLR) overwintered larvae active - Highland - Rose leafhopper nymphs (RLH) in multiflorarose, spottedtentiform leafminer(STLM) 1st eggs observed, TPB feeding observed. 
UPCOMING PEST EVENTS.",,,Newsletter
oai:ecommons.cornell.edu:1813/41556,"Scaffolds Fruit Journal, v.2, 05-10-1993","INSECTS Increasing efficiency of honey bee pollination, plum curculio, green fruitworm, Comstock mealybug, pear rust mite, Agri-Mek labelled. 
DISEASES Cherry leaf spot, Captan rates for stone fruits. 
FIELD NOTES Highland and Geneva apple scab updates scaffolds. 
PHENOLOGIES Geneva, Highland. 
INSECT TRAP CATCHES Geneva, Highland. 
PEST FOCUS Geneva - European red mite (ERM) overwintering eggs hatching, white apple leafhopper (W ALH) nymphs observed, strawberry clippers active - Highland - RLH second instar nymphs present. 
UPCOMINGPESTEVENTS.",,,Newsletter
oai:ecommons.cornell.edu:1813/41557,"Scaffolds Fruit Journal, v.2, 05-17-1993","CHEM NEWS -AGRI-MEK Section 18 granted. 
INSECTS - Petal fall considerations, W ALH, Apple redbug. 
DISEASES - Flyspeck and sooty blotch, fire blight, apple scab. 
FIELD NOTES - Apple scab. 
PHENOLOOIES - Geneva, Highland. 
INSECT TRAP CATCHES - Geneva, Highland. 
PEST FOCUS - Geneva -ERM egg hatch complete, rosyappleaphids (RAA) observed in Orleans County - Highland -STLM sap feeding mines observed, PPS hardshells present, plum curculio damage 1st noted. 
UPCOMING PEST EVENTS.",,,Newsletter
oai:ecommons.cornell.edu:1813/41558,"Scaffolds Fruit Journal, v.2, 05-24-1993","INSECTS -APPLES - Roundheaded apple tree borer, San Jose scale - STONE FRUITS - Green peach aphids, lesser peachtree borer, American plum borer.  
DISEASES -Apple scab resistance to sterol inhibitor fungicides, phytophthora root rot. 
FIELD NOTES - Geneva, Hudson Valley-Apple scab. 
PHENOLOOIES - Geneva, Highland. 
INSECT TRAP CATCHES - Geneva, Highland. 
UPCOMING PEST EVENTS.",,,Newsletter
oai:ecommons.cornell.edu:1813/41559,"Scaffolds Fruit Journal, v.2, 06-01-1993","INSECTS Pear psylla, cheny fruit fly, leaf weevil, mites. 
PHENOLOOIES Geneva. 
INSECT TRAP CATCHES Geneva, Highland. 
UPCOMING PEST EVENTS.",,,Newsletter
oai:ecommons.cornell.edu:1813/41560,"Scaffolds Fruit Journal, v.2, 06-07-1993","INSECTS Plum curculio, oblique banded leafroller, apple maggot,codling moth. 
FIELD NOTES Geneva. 
PEST FOCUS Geneva - PPS 1st summer generation adults present - Highland - RLH and W ALH present in apple, OBLR 1st catch. 
INSECT TRAP CATCHES Geneva, Highland. 
UPCOMING PEST EVENTS.",,,Newsletter
oai:ecommons.cornell.edu:1813/41561,"Scaffolds Fruit Journal, v.2, 06-14-1993","INSECTS OBLR, STLM. 
FIELD NOTES Highland - Scab, unknown marking on pear fruit, Marshall die-back. 
INSECT TRAP CATCHES Geneva, Highland. 
PEST FOCUS Geneva - ERM summer eggs hatching, OBLR 1st catch - Highland-0 BLR DD uJX:late, RLH migration to apple. 
UPCOMING PEST EVENTS.",,,Newsletter
oai:ecommons.cornell.edu:1813/41562,"Scaffolds Fruit Journal, v.2, 06-21-1993","ANNOUNCEMENT 1993 Tree Fruit Field Day. 
INSECTS Beneficials, Conserving beneficials. 
INSECT TRAP CATCHES Geneva, Highland. 
PEST FOCUS Geneva ERM summer egg hatch complete, OBLR DD update, STLM 2nd flight start, W ALH 1st brood adults in apple - Highland - OBLR DD update. 
UPCOMING PEST EVENTS.",,,Newsletter
oai:ecommons.cornell.edu:1813/41563,"Scaffolds Fruit Journal, v.2, 06-28-1993","INSECTS Apple maggot, mullein plant bug. 
INSECT TRAP CATCHES Geneva, Highland. 
PEST FOCUS Geneva - OBLR DD update, STLM DD update, W ALH - Highland - OBLR DD update, STLM DD update. 
UPCOMING PEST EVENTS.",,,Newsletter
oai:ecommons.cornell.edu:1813/41564,"Scaffolds Fruit Journal, v.2, 07-06-1993","INSECTS Comstock mealybug (comprehensive article). 
INSECT TRAP CATCHES Geneva, Highland. 
UPCOMING PEST EVENTS.",,,Newsletter
oai:ecommons.cornell.edu:1813/41565,"Scaffolds Fruit Journal, v.2, 07-12-1993","INSECTS Leafhoppers, Comstock mealybug (monitoring crawlers), Japanese beetles, Blueberry maggot, strawberry root weevils, borers (control). 
FIELD NOTES Hudson Valley Effect of Sevin on predaceous mites scaffolds. 
ANNOUNCEMENT TreeFruitFieldDayreminder. 
INSECT TRAP CATCHES Geneva, Highland. 
PEST FOCUS Geneva - OBLR DD update, STLM DD update Highland OBLR DD update, STLM DD update, apple maggot (AM), RLH at threshold in problem blocks. 
UPCOMING PEST EVENTS.",,,Newsletter
oai:ecommons.cornell.edu:1813/41566,"Scaffolds Fruit Journal, v.2, 07-19-1993","INSECTS Botanical insecticides for fruit. 
PEST FOCUS Geneva -STLM DD updates, PLH present Highland STLM DD update, leafhopper and ERM update. 
INSECT TRAP CATCHES Geneva, Highland. 
UPCOMING PEST EVENTS.",,,Newsletter
oai:ecommons.cornell.edu:1813/41567,"Scaffolds Fruit Journal, v.2, 07-26-1993","INSECTS Apple leafminer (Lyonetia speculella) comprehensive article. 
PEST FOCUS Geneva STLM in tissue feeding stage, Comstock mealybug update, AM oviposition observed. 
INSECT TRAP CATCHES Geneva, Highland. 
UPCOMING PEST EVENTS.",,,Newsletter
oai:ecommons.cornell.edu:1813/41568,"Scaffolds Fruit Journal, v.2, 08-02-1993","INSECTS European red mite, Comstock mealybug. 
INSECT TRAP CATCHES Geneva, Highland. 
UPCOMING PEST EVENTS.",,,Newsletter
oai:ecommons.cornell.edu:1813/41569,"Scaffolds Fruit Journal, v.2, 08-09-1993","ANNOUNCEMENT N.Y. Fruit Pest Control Field Day. 
PEST FOCUS Geneva 1st moths of the second flight of OBLR caught, AM numbers over threshold Highland AM numbers low, STLM 3rd flight adults mating, 3rd generation leafhopper nymphs in first instar. 
INSECT TRAP CATCHES Geneva, Highland. 
UPCOMING PEST EVENTS.",,,Newsletter
oai:ecommons.cornell.edu:1813/41570,"Scaffolds Fruit Journal, v.2, 08-16-1993","INSECTS Apple maggot review (biology, monitoring, management). 
PEST FOCUS Geneva -STLM 3rd flight peak, AM numbers still over threshold Highland -AM numbers remain low. 
INSECT TRAP CATCHES Geneva, Highland. 
UPCOMING PEST EVENTS.",,,Newsletter
oai:ecommons.cornell.edu:1813/41571,"Scaffolds Fruit Journal, v.2, 08-23-1993","INSECTS Spotted tentiform leafminer (regarding higher than normal levels of late-season damage). 
INSECT TRAP CATCHES Geneva, Highland. 
UPCOMING PEST EVENTS.",,,Newsletter
oai:ecommons.cornell.edu:1813/41572,"Scaffolds Fruit Journal, v.2, 08-30-1993","CHEM NEWS New brown rot fungicide for peaches, etc.. 
DISEASES Apple rots, Post-harvest fungicide treatment of apples. 
INSECT TRAP CATCHES Geneva, Highland. 
UPCOMING PEST EVENTS.",,,Newsletter
oai:ecommons.cornell.edu:1813/41573,"Scaffolds Fruit Journal, v.2, 09-07-1993","DISEASES Post-harvest disease control, Part II Using chlorinated water in drench systems. 
INSECT TRAP CATCHES Geneva, Highland. 
UPCOMING PEST EVENTS.",,,Newsletter
oai:ecommons.cornell.edu:1813/41574,"Scaffolds Fruit Journal, v.2, 09-13-1993","ANNOUNCEMENT Notice of change in Pest Management Conference arrangements. 
INSECTS Notable pest events of 1993. 
INSECT TRAP CATCHES Geneva, Highland. 
UPCOMING PEST EVENTS.",,,Newsletter
oai:ecommons.cornell.edu:1813/41575,"Scaffolds Fruit Journal, v.2, 09-20-1993","INSECTS Comparison of 1993 pest events to ""Normals"". 
INSECT TRAP CATCHES Geneva, Highland. 
UPCOMING PEST EVENTS.",,,Newsletter
oai:ecommons.cornell.edu:1813/41576,"Scaffolds Fruit Journal, v.2, 09-27-1993","INSECTS Final Report - Graphs showing development of pests monitored in Geneva and Highland. 
DISEASES Recharging post-hatvest drench solutions. 
INSECT TRAP CATCHES Geneva, Highland. 
UPCOMING PEST EVENTS.",,,Newsletter
oai:ecommons.cornell.edu:1813/41577,"Scaffolds Fruit Journal, v.2, 1993","Index of Topics for V.2, 1993",,,Newsletter
oai:ecommons.cornell.edu:1813/41578,"Scaffolds Fruit Journal, v.3, 3-21-1994","GENERAL New year of Scaffolds Intro.  
REFERENCES List of fruit information sources.  
CHEM NEWS Lannate availability and label changes, New fruit thinner for apples (Accel).  
HORTICULTURE Treating winter injury in fruit trees.  
ANNOUNCEMENT   1994 In-Depth Fruit School.  
COMING EVENTS.",,,Newsletter
oai:ecommons.cornell.edu:1813/41579,"Scaffolds Fruit Journal, v.3, 3-28-1994","GENERAL 1994 Tree Fruit Recommends now available.  
INSECTS Early season use of oil and other strategies to control Pear psylla, European red mite and San Jose scale, Status of honey bee colonies available for pollination.  
PHENOLOGIES.  
UPCOMING  PEST EVENTS.",,,Newsletter
oai:ecommons.cornell.edu:1813/41580,"Scaffolds Fruit Journal, v.3, 4-04-1994","INSECTS Pear midge.  
GENERAL Change in Tree-fruit Recommends Table 12, pg. 44.  
PEST FOCUS Geneva, Wayne Co., Highland.  
PHENOLOGIES Geneva.  
INSECT TRAP CATCHES Geneva, Highland.  
UPCOMING  PEST EVENTS.",,,Newsletter
oai:ecommons.cornell.edu:1813/41581,"Scaffolds Fruit Journal, v.3, 4-11-1994","INSECTS Pear thrips, apple pith moth.   
GENERAL Pesticides and pH.  
CHEM NEWS Corrections in previous articles on Lorsban and Mitac.  
FIELD NOTES Disease update including scab and black knot.  
PEST FOCUS Geneva.   
PHENOLOGIES Geneva, Highland.  
INSECT TRAP CATCHES Geneva, Highland.   
UPCOMING PEST EVENTS.",,,Newsletter
oai:ecommons.cornell.edu:1813/41582,"Scaffolds Fruit Journal, v.3, 4-18-1994","INSECTS Rosy apple aphid.  
DISEASES Apple scab: Ascospore maturity determination and interpretation of the data.  
FIELD NOTES Hudson Valley Lab and Geneva field  reports on scab ascospore maturity, tower shoot, scab control suggestions, use of copper cedar apple rust.  
GENERAL New guide to tree fruit pests available from MSU.  
PEST FOCUS Geneva.  
PHENOLOGIES Geneva, Highland.  
INSECT TRAP CATCHES Geneva, Highland.  
UPCOMING PEST EVENTS.",,,Newsletter
oai:ecommons.cornell.edu:1813/41583,"Scaffolds Fruit Journal, v.3, 4-25-1994","INSECTS Oil for control of European red mite.  
PINK- Pink control strategy for spotted tentiform leafminer, caterpillars, mites, plum curculio.  
FIELD NOTES Highland and Geneva field reports on apple scab maturity.  
DISEASES Apple scab: Are ascospores discharged at night? Effect of 1993 winter on powdery mildew inoculum.  
PEST FOCUS Geneva, Highland.  
PHENOLOGIES Geneva, Highland.  
INSECT TRAP CATCHES Geneva, Highland.  
UPCOMING PEST EVENTS.",,,Newsletter
oai:ecommons.cornell.edu:1813/41584,"Scaffolds Fruit Journal, v.3, 5-02-1994","INSECTS Pear rust mite, pear leaf midge.  
FIELD NOTES Geneva,   Hudson Valley apple scab ascospore maturity data, fire blight status.  
DISEASES Control of brown rot of stone fruits Black knot.  
GENERAL Announcement of Cornell In-Depth Fruit School.  
PEST FOCUS Geneva, Highland.  
PHENOLOGIES Geneva, Highland.  
INSECT TRAP CATCHES Geneva, Highland.  
UPCOMING PEST EVENTS.",,,Newsletter
oai:ecommons.cornell.edu:1813/41585,"Scaffolds Fruit Journal, v.3, 5-09-1994","CHEM NEWS Agri-Mek Section 18 approved.  
INSECTS Bloom -Increasing efficiency of honey bee pollination. 
FIELD NOTES Hudson Valley apple scab update, rust, fire blight and winter damage reports, Geneva scab report. 
DISEASES Fire blight and streptomycin during bloom. 
PEST FOCUS Geneva.  
PHENOLOGIES Geneva, Highland. 
INSECT TRAP CATCHES Geneva, Highland.  
UPCOMING PEST EVENTS.",,,Newsletter
oai:ecommons.cornell.edu:1813/41586,"Scaffolds Fruit Journal, v.3, 5-16-1994","INSECTS Petal fall - Control strategies  for mites, white apple leafhopper, plum curculio, green fruitworm and Comstock mealybug.  
DISEASES Resistance risks management strategies for SI fungicides.  
FIELD NOTES Hudson Valley apple scab update and fire blight report, Geneva scab report.  
PEST FOCUS Geneva, Highland.  
PHENOLOGIES Geneva, Highland.  
INSECT TRAP CATCHES Geneva, Highland.  
UPCOMING PEST EVENTS.",,,Newsletter
oai:ecommons.cornell.edu:1813/41587,"Scaffolds Fruit Journal, v.3, 5-23-1994","INSECTS San Jose scale, lesser peach tree borer, American plum borer.  
FIELD NOTES Hudson Valley apple scab update, rust, powdery mildew and Rubigan-Nova comparisons, Geneva scab report, fire blight alert.   
DISEASES Strawberry gray mold.  
HORTICULTURE Use of the new fruit thinner Accel in 1994.  
PEST FOCUS Geneva, Highland.  
PHENOLOGIES Geneva, Highland.   
INSECT TRAP CATCHES Geneva, Highland.   
UPCOMING PEST EVENTS.",,,Newsletter
oai:ecommons.cornell.edu:1813/41588,"Scaffolds Fruit Journal, v.3, 5-31-1994","INSECTS Oblique banded leafroller, rosy apple aphid, spotted tentiform leafminer, pear psylla and cherry fruit fly - field reports and control suggestions.  
FIELD NOTES Hudson Valley apple scab update, cankers and twig blight, Geneva scab report, fire blight alert.  
CHEM NEWS Guthion rate clarification.   
PEST FOCUS Geneva, Highland.   
PHENOLOGIES Geneva.  
INSECT TRAP CATCHES Geneva, Highland.  
UPCOMING PEST EVENTS.",,,Newsletter
oai:ecommons.cornell.edu:1813/41589,"Scaffolds Fruit Journal, v.3, 6-06-1994","INSECTS Codling moth, plum curculio.   
FIELD NOTES Hudson Valley apple scab update, Geneva scab report.  
DISEASES Sooty blotch/flyspeck biology and control, blister spot control.  
PEST FOCUS Geneva, Highland.  
INSECT TRAP CATCHES Geneva, Highland.   
UPCOMING PEST EVENTS.",,,Newsletter
oai:ecommons.cornell.edu:1813/41590,"Scaffolds Fruit Journal, v.3, 6-13-1994","INSECTS Summer insect monitoring and control - OBLR, codling moth, apple maggot.  
FIELD NOTES Hudson Valley fire blight and flyspeck, Geneva apple scab report and current disease situation in apples.  stone fruits and small fruits.  
PEST FOCUS Geneva , Highland.  
INSECT TRAP CATCHES Geneva, Highland.   
UPCOMING  PEST EVENTS.",,,Newsletter
oai:ecommons.cornell.edu:1813/41591,"Scaffolds Fruit Journal, v.3, 6-20-1994","INSECTS More summer insect monitoring and control - OBLR biology, control and research up date, spotted tentiform leafminer, San Jose scale and codling moth.  
INSECT TRAP CATCHES Geneva, Highland.   
PEST FOCUS.  
UPCOMING  PEST EVENTS.",,,Newsletter
oai:ecommons.cornell.edu:1813/41592,"Scaffolds Fruit Journal, v.3, 6-27-1994","INSECTS Beneficials, Eastern flower thrips.   
FIELD NOTES Boron deficiency and its control.   
INSECT TRA P CATCHES Geneva, Highland.   
PEST FOCUS. 
UPCOMING  PEST EVENTS.",,,Newsletter
oai:ecommons.cornell.edu:1813/41593,"Scaffolds Fruit Journal, v.3, 7-05-1994","INSECTS Comstock mealy bug - comprehensive article.  
FIELD NOTES Hudson Valley disease up date, Fabraea on pears, Geneva, Western/Central NY disease situation.  
GENERAL Request for input to the Recommends.   
PEST FOCUS.  
INSECT TRAP CATCHES Geneva, Highland.   
UPCOMING  PEST EVENTS.",,,Newsletter
oai:ecommons.cornell.edu:1813/41594,"Scaffolds Fruit Journal, v.3, 7-11-1994","INSECTS Leafminers, leafhopper s (biology, monitoring, control) , borers (control), Comstock mealybug (monitoring), codling moth model.   
PEST FOCUS Geneva , Highland.   
INSECT TRAP CATCHES Geneva, Highland.   
UPCOMING  PEST EVENTS.",,,Newsletter
oai:ecommons.cornell.edu:1813/41595,"Scaffolds Fruit Journal, v.3, 7-18-1994","INSECTS Borers, codling moth model.  
PEST FOCUS Geneva, Highland.   
INSECT TRAP CATCHES Geneva, Highland.  
UPCOMING PEST EVENTS.",,,Newsletter
oai:ecommons.cornell.edu:1813/41596,"Scaffolds Fruit Journal, v.3, 7-25-1994","INSECTS Dock sawfly (comprehensive article), codling moth model.  
ANNOUNCEMENT Tree Fruit Field Day reminder.  
PEST FOCUS Geneva, Highland.  
INSECT TRAP CATCHES Geneva, Highland.   
UPCOMING PEST EVENTS.",,,Newsletter
oai:ecommons.cornell.edu:1813/41597,"Scaffolds Fruit Journal, v.3, 8-01-1994","INSECTS Botanical insecticides for fruit, codling moth model. 
INSECT TRAP CATCHES Geneva, Highland.   
UPCOMING PEST EVENTS.",,,Newsletter
oai:ecommons.cornell.edu:1813/41598,"Scaffolds Fruit Journal, v.3, 8-08-1994","INSECTS Apple maggot, European corn borer, codling moth model.  
DISEASES Sooty blotch and flyspeck.  
FILED NOTES AgriMek and oriental fruit moth.  
ERRATUM Correction in botanical insecticide article (8/1).  
PEST FOCUS Geneva, Highland.  
INSECT TRAP CATCHES Geneva, Highland.   
UPCOMING  PEST EVENTS.",,,Newsletter
oai:ecommons.cornell.edu:1813/41599,"Scaffolds Fruit Journal, v.3, 8-15-1994","DISEASES Flyspeck - 1994 situation and control considerations.  
INSECTS Sabadilla and honeybees.   
GENERAL Reminder of fruit pest control tour.  
PEST FOCUS Geneva, Highland.   
INSECT TRAP CATCHES Geneva, Highland.   
UPCOMING PEST EVENTS.",,,Newsletter
oai:ecommons.cornell.edu:1813/41600,"Scaffolds Fruit Journal, v.3, 8-22-1994","INSECTS Comstock mealybug - Status of 2nd generation crawlers.  
DISEASES Sooty blotch/fly speck - more on 1994 situation.  
PEST FOCUS Geneva. 
INSECT TRAP CATCHES Geneva, Highland.  
UPCOMING PEST EVENTS.",,,Newsletter
oai:ecommons.cornell.edu:1813/41601,"Scaffolds Fruit Journal, v.3, 8-29-1994","DISEASES Post-harvest fungicide treatment of apples, New decay problem on Empire.  
INSECT TRAP CATCHES Geneva, Highland.   
UPCOMING PEST EVENTS.",,,Newsletter
oai:ecommons.cornell.edu:1813/41602,"Scaffolds Fruit Journal, v.3, 9-06-1994","DISEASES Post-harvest disease control, Part II - Using chlorinated water in drench systems, Silver leaf.  
INSECT TRAP CATCHES Geneva, Highland.   
UPCOMING PEST EVENTS.",,,Newsletter
oai:ecommons.cornell.edu:1813/41603,"Scaffolds Fruit Journal, v.3, 9-12-1994","INSECTS Notable pest EVENTS. of 1994.  
INSECT TRAP CATCHES Geneva, Highland.   
UPCOMING PEST EVENTS.",,,Newsletter
oai:ecommons.cornell.edu:1813/41604,"Scaffolds Fruit Journal, v.3, 9-19-1994","INSECTS Comparison of 1994 pest EVENTS. to ""Normals"".  
INSECT TRAP CATCHES Geneva, Highland.   
UPCOMING PEST EVENTS.",,,Newsletter
oai:ecommons.cornell.edu:1813/41605,"Scaffolds Fruit Journal, v.3, 9-26-1994","INSECTS Final Report - Graphs showing development of pests monitored in Geneva and Highland.  
DISEASES Dapple apple.  
INDEX 1994 Scaffolds Fruit Journal Index.  
INSECT TRAP CATCHES Geneva, Highland",,,Newsletter
oai:ecommons.cornell.edu:1813/41606,"Scaffolds Fruit Journal, v.4, 3-20-1995","GENERAL New year of Scaffolds Intro. 
REFERENCES List of fruit information sources.
DEGREE DAYS Information for determining degree day values without a computer, including lookup charts. Includes information on sources of weather data. 
CHEM NEWS Apollo labelled for control of mites in apples. Provado labelled for control of insects including aphids, leafhoppers and spotted tentiform leafminer in apples. Agri-Mek Section 18 for 1995 submitted. 
UPCOMING PEST EVENTS.",,,Newsletter
oai:ecommons.cornell.edu:1813/41607,"Scaffolds Fruit Journal, v.4, 3-27-1995","DISEASES Apple scab ascospore discharge discussion and multi-season data. 
INSECTS Early season use of oil and other strategies to control Pear psylla, European red mite and San Jose scale Status of honey bee colonies available for pollination. 
CHEM NEWS Provado update. Agri-Mek Section 18 granted. 
ANNOU NCEMENT   Scaffolds  availability   on World Wide Web. 
PEST FOCUS Pear psylla and green fruitworm active. 
PHENOLOGIES Geneva, Highland. INSECT TRAP CATCHES. UPCOMING PEST EVENTS.",,,Newsletter
oai:ecommons.cornell.edu:1813/41608,"Scaffolds Fruit Journal, v.4, 4-03-1995","BIOLOGICAL CONTROL Transferring the predator mite, Typhlodromus pyri,  between orchards. 
DISEASES Winter damage in young trees. 
INSECTS Considerations for use of Provado. 
CHEM NEWS Details of Agri-Mek Section 18 restrictions. 
PEST FOCUS Highland. 
PHENOLOGIES Geneva, Highland. 
INSECT TRAP CATCHES Geneva, Highland.  
UPCOMING PEST EVENTS.",,,Newsletter
oai:ecommons.cornell.edu:1813/41609,"Scaffolds Fruit Journal, v.4, 4-10-1995","GENERAL Pesticides and pH of spray water. 
FIELD NOTES New phone  for Hudson Valley Lab. Apple scab disease update. 
ERRATUM Corrections to predator mite article (413). 
PHENOLOGIES Geneva, Highland. 
INSECT TRAP CATCHES Geneva, Highland. 
UPCOMING PEST EVENTS.",,,Newsletter
oai:ecommons.cornell.edu:1813/41610,"Scaffolds Fruit Journal, v.4, 4-17-1995","INSECTS Rosy apple aphid. 
DISEASES Factors affecting Streptomycin activity against fire blight and blister spot. 
CHEM NEWS Update on fruit fungicide registrations. (Nova, Aliette, Procure, Indar). 
ADDENDUM EPA registration numbers of tree fruit fungicides and bacteriacides omitted from Recommends. 
FIELD NOTES Hudson Valley Lab field report on apple scab. 
PEST FOCUS Orleans Co., Highland. 
PHENOLOGIES Geneva, Highland. 
INSECT TRAP CATCHES Geneva, Highland. 
UPCOMING PEST EVENTS.",,,Newsletter
oai:ecommons.cornell.edu:1813/41611,"Scaffolds Fruit Journal, v.4, 4-24-1995","INSECTS Pear thrips. Pink control strategy for tarnished plant bug, spotted tentiform leafminer, leafrollers, mites, plum curculio. 
ERRATUM Correction to Vydate 2L rate given in Recommends. 
FIELD NOTES Highland report on apple scab maturity. 
PEST FOCUS Geneva, Highland.   
PHENOLOGIES Geneva, Highland. 
INSECT TRAP CATCHES Geneva, Highland.  
UPCOMING PEST EVENTS.",,,Newsletter
oai:ecommons.cornell.edu:1813/41612,"Scaffolds Fruit Journal, v.4, 5-01-1995","INSECTS Pear rust mite, pear leaf midge. 
FIELD NOTES Hudson Valley apple scab ascospore maturity data. 
DISEASES Control of brown rot of stone fruits. 
PEST FOCUS Orleans Co., Geneva, Highland. 
PHENOLOGIES Geneva, Highland. 
INSECT TRAP CATCHES Geneva, Highland   
UPCOMING PEST EVENTS.",,,Newsletter
oai:ecommons.cornell.edu:1813/41613,"Scaffolds Fruit Journal, v.4, 5-08-1995","INSECTS Managing honey bee colonies for maximum flight. Mirid bugs in apples. 
FIELD NOTES Hudson Valley apple scab update, fire blight, rust. 
DISEASES Terramycin uses in New York State. 
PEST FOCUS Geneva. 
PHENOLOOIES Geneva, Highland. 
INSECT TRAP CATCHES Geneva, Highland. 
UPCOMING PEST EVENTS.",,,Newsletter
oai:ecommons.cornell.edu:1813/41614,"Scaffolds Fruit Journal, v.4, 5-15-1995","INSECTS Petal fall - Control strategies for mites, white apple leafhopper, plum curculio, green fruitworm and European apple sawfly. Peach silver mite. 
FIELD NOTES Hudson Valley apple scab update. 
GENERAL INFO New predator mite fact sheet available. 
PEST FOCUS Geneva, Highland. 
PHENOLOOIES Geneva, Highland. 
INSECT TRAP CATCHES Geneva, Highland. 
UPCOMING PEST EVENTS.",,,Newsletter
oai:ecommons.cornell.edu:1813/41615,"Scaffolds Fruit Journal, v.4, 5-22-1995","INSECTS Green peach aphid, lesser peachtree borer, codling moth, American plum borer. Pear psylla. 
DISEASES Control options for apple  scab and black rot. 
PEST FOCUS Geneva,  Highland. 
PHENOLOOIES Geneva, Highland. 
INSECT TRAP CATCHES Geneva, Highland. 
UPCOMING PEST EVENTS.",,,Newsletter
oai:ecommons.cornell.edu:1813/41616,"Scaffolds Fruit Journal, v.4, 5-30-1995","DISEASES Apple scab, scarf skin. 
INSECTS Oblique banded leafroller, San Jose scale, pear psylla and cherry fruit fly - field reports and control suggestions. Progression of Events: Comparison of pest events this season to last season and the calculated ""Nor mal""  (0-700 DD base 43 degrees F). 
GENERAL INFO Reentry intervals and Cornell Recommends. 
PHENOLOOIES Geneva. 
INSECT TRAP CATCHES Geneva, Highland. 
UPCOMING PEST EVENTS.",,,Newsletter
oai:ecommons.cornell.edu:1813/41617,"Scaffolds Fruit Journal, v.4, 6-05-1995","INSECTS Obliquebanded leafroller: Guidelines for monitoring and control. Leaf-feeding lepidoptera and Polydrusus weevil. Codling moth model. 
DISEASES Update on cedar rust, winter damage and stone fruit diseases. 
PEST FOCUS Albion, Lockport, Geneva, Highland. 
INSECT TRAP CATCHES Geneva, Highland. 
UPCOMING PEST EVENTS.",,,Newsletter
oai:ecommons.cornell.edu:1813/41618,"Scaffolds Fruit Journal, v.4, 6-12-1995","INSECTS  Summer insect monitoring and control - OBLR, STLM, apple maggot. Codling moth model. 
PEST FOCUS Wayne Co., Geneva ,Highland. 
INSECT TRAP CATCHES Geneva, Highland. 
UPCOMING PEST EVENTS.",,,Newsletter
oai:ecommons.cornell.edu:1813/41619,"Scaffolds Fruit Journal, v.4, 6-19-1995","INSECTS Beneficial insects. Spotted tentiform leafminer monitoring and control. 
CHEM NEWS  Special Local Need label for Omite 6E approved. 
GENERAL INFO  Errata. Scaffolds World Wide Web home page available. 
PEST FOCUS Geneva, Highland. 
INSECT TRAP CATCHES Geneva, Highland. 
UPCOMING PEST EVENTS.",,,Newsletter
oai:ecommons.cornell.edu:1813/41620,"Scaffolds Fruit Journal, v.4, 6-26-1995","INSECTS Apple aphid and spirea aphid. Comstock mealybug monitoring and control. Progression of Events: Comparison of pest events this season to last season and the calculated ""Normal""  (500-1200 DD base 43 degrees F).  
PEST FOCUS Geneva, Highland. 
INSECT TRAP CATCHES Geneva, Highland. 
UPCOMING PEST EVENTS.",,,Newsletter
oai:ecommons.cornell.edu:1813/41621,"Scaffolds Fruit Journal, v.4, 7-03-1995","INSECTS Mites, leafhoppers, borers.; 
PEST FOCUS Geneva, Highland;  
INSECT TRAP CATCHES Geneva, Highland; 
UPCOMING PEST EVENTS.",,,Newsletter
oai:ecommons.cornell.edu:1813/41622,"Scaffolds Fruit Journal, v.4, 7-10-1995","INSECTS Dock sawfly, Japanese beetle.  Codling moth model. 
DISEASES Powdery mildew. 
PEST FOCUS Geneva, Highland. 
INSECT TRAP CATCHES Geneva, Highland.  
UPCOMING PEST EVENTS.",,,Newsletter
oai:ecommons.cornell.edu:1813/41623,"Scaffolds Fruit Journal, v.4, 7-17-1995","INSECTS Codling moth model and CM control. DISEASES Relationship between summer sprays and storage decays. 
ANNOUNCEMENT Fruit Pest Control Field Days in Geneva and Highland. 
PEST FOCUS Geneva, Highland. 
INSECT TRAP CATCHES Geneva, Highland. 
UPCOMING PEST EVENTS.",,,Newsletter
oai:ecommons.cornell.edu:1813/41624,"Scaffolds Fruit Journal, v.4, 7-24-1995","INSECTS Apple maggot, wooly apple aphid. Codling moth model. 
PEST FOCUS Geneva, Highland. 
INSECT TRAP CATCHES Geneva, Highland. 
UPCOMING PEST EVENTS.",,,Newsletter
oai:ecommons.cornell.edu:1813/41625,"Scaffolds Fruit Journal, v.4, 7-31-1995","INSECTS Botanical insecticides for fruit. Codling moth model. Provado insecticide and leafhoppers. 
PEST FOCUS Geneva, Highland. 
INSECT TRAP CATCHES Geneva, Highland. 
UPCOMING PEST EVENTS.",,,Newsletter
oai:ecommons.cornell.edu:1813/41626,"Scaffolds Fruit Journal, v.4, 8-7-1995","INSECTS Hudson Valley  leafrollers (Variegated leafroller and Sparganothis fruitworm). European com borer in apples. European red mite status. 
PEST FOCUS Geneva, Highland. 
INSECT TRAP CATCHES Geneva, Highland. 
UPCOMING PEST EVENTS.",,,Newsletter
oai:ecommons.cornell.edu:1813/41627,"Scaffolds Fruit Journal, v.4, 8-14-1995","GENERAL Reminder of fruit pest control field day. 
INSECTS Progression of Events: Comparison of pest events this season to last season and the calculated ""Normal, (1300--2500 DD base 43 degrees F). 
PEST FOCUS Geneva. 
INSECT TRAP CATCHES Geneva, Highland. 
UPCOMING PEST EVENTS.",,,Newsletter
oai:ecommons.cornell.edu:1813/41628,"Scaffolds Fruit Journal, v.4, 8-21-1995","DISEASES Postharvest fungicide treatments for apples in 1995. 
INSECT TRAP CATCHES Geneva, Highland. 
UPCOMING PEST EVENTS.",,,Newsletter
oai:ecommons.cornell.edu:1813/41629,"Scaffolds Fruit Journal, v.4, 8-28-1995","DISEASES Using thiobendazole in post-harvest apple drenches. 
INSECT TRAP CATCHES Geneva, Highland. 
UPCOMING PEST EVENTS.",,,Newsletter
oai:ecommons.cornell.edu:1813/41630,"Scaffolds Fruit Journal, v.4, 9-05-1995","INSECT TRAP CATCHES Geneva, Highland;  
UPCOMING PEST EVENTS.",,,Newsletter
oai:ecommons.cornell.edu:1813/41631,"Scaffolds Fruit Journal, v.4, 9-11-1995","INSECTS Arthropod review of 1995.   
DISEASES Disease review of 1995.  
INSECT TRAP CATCHES Geneva, Highland.   
UPCOMING PEST EVENTS.",,,Newsletter
oai:ecommons.cornell.edu:1813/41632,"Scaffolds Fruit Journal, v.4, 9-18-1995","INSECTS Comparison of 1995 pest EVENTS.. to ""Normals, Pearleaf blister mite (Phytoptus pyri ).   
INSECT TRAP CATCHES Geneva, Highland.   
UPCOMING PEST EVENTS.",,,Newsletter
oai:ecommons.cornell.edu:1813/41633,"Scaffolds Fruit Journal, v.4, 9-25-1995","INSECTS Final Report - Graphs showing development of pests monitored in Geneva and Highland.  
INSECT TRAP CATCHES Geneva, Highland.  
INDEX Scaffolds V.4 1995.",,,Newsletter
